email,password,token
user1759757663711_1@sample.com,pass123456,eyJhbGciOiJIUzI1NiJ9.eyJpZCI6ImEzNTUxZjdlLWZlZTktNDI2YS1hMTMyLTc2OWI3ZmFhMGQyMiIsImVtYWlsIjoidXNlcjE3NTk3NTc2NjM3MTFfMUBzYW1wbGUuY29tIiwiaWF0IjoxNzU5NzU3NjYzLCJleHAiOjE3NjAzNjI0NjN9.fYovbatKH-x38RpIqi90FOyxr_DSJ31Yh1rgyUxLq4o
user1759757663926_2@sample.com,pass123456,eyJhbGciOiJIUzI1NiJ9.eyJpZCI6IjIxZDdiYzNkLTJhNGQtNGQ0Yi05NjhiLTAyZTExNjNhNmY2MCIsImVtYWlsIjoidXNlcjE3NTk3NTc2NjM5MjZfMkBzYW1wbGUuY29tIiwiaWF0IjoxNzU5NzU3NjY0LCJleHAiOjE3NjAzNjI0NjR9.C44KJQsm4TRc0QBMULwAo7BNUszj5nF-wt3RFOaGrhg
user1759757664108_3@sample.com,pass123456,eyJhbGciOiJIUzI1NiJ9.eyJpZCI6ImViZGFjYWEyLTVkMGYtNDYyYi04NjkwLWMzMmJkYmFkYzA5MiIsImVtYWlsIjoidXNlcjE3NTk3NTc2NjQxMDhfM0BzYW1wbGUuY29tIiwiaWF0IjoxNzU5NzU3NjY0LCJleHAiOjE3NjAzNjI0NjR9.aT9Q47-E1gevFVvjrUBHOcdbStZchvkOjLcykVv_PaM
user1759757664288_4@sample.com,pass123456,eyJhbGciOiJIUzI1NiJ9.eyJpZCI6ImRiOGFiMDliLWY3OGUtNDljNy1iNWQ5LTA3ZmU0M2U3M2ZiNyIsImVtYWlsIjoidXNlcjE3NTk3NTc2NjQyODhfNEBzYW1wbGUuY29tIiwiaWF0IjoxNzU5NzU3NjY0LCJleHAiOjE3NjAzNjI0NjR9.tHISoXzsVIGlpUCaOOD_V63cIinruqymEniFbjbNCw4
user1759757664468_5@sample.com,pass123456,eyJhbGciOiJIUzI1NiJ9.eyJpZCI6IjQzYmM2NzBjLWRkZDktNDFkYi05OWEwLWEwZDRkYjFiNDY3MyIsImVtYWlsIjoidXNlcjE3NTk3NTc2NjQ0NjhfNUBzYW1wbGUuY29tIiwiaWF0IjoxNzU5NzU3NjY0LCJleHAiOjE3NjAzNjI0NjR9.xsLLJE4sddaRhSudrIvzVTR4fYIvth1G4uYvaFtJxJQ
user1759757664650_6@sample.com,pass123456,eyJhbGciOiJIUzI1NiJ9.eyJpZCI6IjA5YTU3N2E3LTg3OGQtNDA1NS1hNmE0LTJjNDQzYmNlNDU1OCIsImVtYWlsIjoidXNlcjE3NTk3NTc2NjQ2NTBfNkBzYW1wbGUuY29tIiwiaWF0IjoxNzU5NzU3NjY0LCJleHAiOjE3NjAzNjI0NjR9.hzkyBHp7lTirx030KO5zCTBzNl-GOBYS0Ecz-AN37BQ
user1759757664830_7@sample.com,pass123456,eyJhbGciOiJIUzI1NiJ9.eyJpZCI6IjdiOGY3NjU1LTk0MTQtNDQ5ZS1iOTE2LWZiZDQ1NGVmNjliNSIsImVtYWlsIjoidXNlcjE3NTk3NTc2NjQ4MzBfN0BzYW1wbGUuY29tIiwiaWF0IjoxNzU5NzU3NjY1LCJleHAiOjE3NjAzNjI0NjV9.dE3r3YcEaQkO1xTZqcofo3RS2cOBqHg994vbvAGYYAU
user1759757665011_8@sample.com,pass123456,eyJhbGciOiJIUzI1NiJ9.eyJpZCI6ImI5N2M4MWM2LTY5MjMtNGM3YS1iMjk0LTlkYzQ3YTY5NWIxYSIsImVtYWlsIjoidXNlcjE3NTk3NTc2NjUwMTFfOEBzYW1wbGUuY29tIiwiaWF0IjoxNzU5NzU3NjY1LCJleHAiOjE3NjAzNjI0NjV9.1A2eF9-bN0waQkH5V0FORigsINag2uhlm-WmVXVjXZA
user1759757665190_9@sample.com,pass123456,eyJhbGciOiJIUzI1NiJ9.eyJpZCI6ImFjZWI0Mjk3LWEyYzYtNDIyNC1hYjllLWY0YWQ4MDk2MWM5OCIsImVtYWlsIjoidXNlcjE3NTk3NTc2NjUxOTBfOUBzYW1wbGUuY29tIiwiaWF0IjoxNzU5NzU3NjY1LCJleHAiOjE3NjAzNjI0NjV9.SzX89W0CkJ05i5QN83dSNFD2zUSVmZbJKa6bh4ywJCA
user1759757665372_10@sample.com,pass123456,eyJhbGciOiJIUzI1NiJ9.eyJpZCI6Ijk2YTA1NjE3LTY3NWQtNGE3NS1iNWEzLTg4ODQ5YTM4ZWQ1OCIsImVtYWlsIjoidXNlcjE3NTk3NTc2NjUzNzJfMTBAc2FtcGxlLmNvbSIsImlhdCI6MTc1OTc1NzY2NSwiZXhwIjoxNzYwMzYyNDY1fQ.RZqCz2xruYiMmbwUm4gtWfU0fYq8pJ9dk1_qdCrmmIk
user1759757665552_11@sample.com,pass123456,eyJhbGciOiJIUzI1NiJ9.eyJpZCI6ImZmY2JjODE3LWIzMWEtNGUyNy04MmFlLWE5NGViNTZmMDE5ZSIsImVtYWlsIjoidXNlcjE3NTk3NTc2NjU1NTJfMTFAc2FtcGxlLmNvbSIsImlhdCI6MTc1OTc1NzY2NSwiZXhwIjoxNzYwMzYyNDY1fQ.UtNUtrmABQCbVUMvTcK4irDC3R06kuS0Z3oXVzYiCbE
user1759757665732_12@sample.com,pass123456,eyJhbGciOiJIUzI1NiJ9.eyJpZCI6IjdlNTA5N2U5LWM3N2ItNGY0My04NzM3LTQwZDdlMDA3YWY5YyIsImVtYWlsIjoidXNlcjE3NTk3NTc2NjU3MzJfMTJAc2FtcGxlLmNvbSIsImlhdCI6MTc1OTc1NzY2NSwiZXhwIjoxNzYwMzYyNDY1fQ.2NEMIXpsrl1_RPOo4dVjAZs_uIbGHTSUPHP5_yjPll0
user1759757665912_13@sample.com,pass123456,eyJhbGciOiJIUzI1NiJ9.eyJpZCI6IjE4MzM0YWM4LTgwY2QtNDJkZi05YTk2LTZhYTIxZjg0NzFiMCIsImVtYWlsIjoidXNlcjE3NTk3NTc2NjU5MTJfMTNAc2FtcGxlLmNvbSIsImlhdCI6MTc1OTc1NzY2NiwiZXhwIjoxNzYwMzYyNDY2fQ.oa4HeOCnnduzefcgF8iFsGiZNsxrHjGNm8pW9QMmjDw
user1759757666090_14@sample.com,pass123456,eyJhbGciOiJIUzI1NiJ9.eyJpZCI6IjhiNTI0MTdkLWVmY2EtNDhiZi04NGNlLWM0ZWU0MDgxODVmZCIsImVtYWlsIjoidXNlcjE3NTk3NTc2NjYwOTBfMTRAc2FtcGxlLmNvbSIsImlhdCI6MTc1OTc1NzY2NiwiZXhwIjoxNzYwMzYyNDY2fQ.Uv33Dw1mi15bj6T32DrusKMkNEutcL1l0Mk4ZDYx2Tc
user1759757666272_15@sample.com,pass123456,eyJhbGciOiJIUzI1NiJ9.eyJpZCI6ImU0ODRiZGVlLTZlMjgtNGE1NS04OWNmLWZiNWE3YmY2MDk2MiIsImVtYWlsIjoidXNlcjE3NTk3NTc2NjYyNzJfMTVAc2FtcGxlLmNvbSIsImlhdCI6MTc1OTc1NzY2NiwiZXhwIjoxNzYwMzYyNDY2fQ.Wiid5W9U6Y_A0SZOax9fu1ZKmbmF2TcWajJGeZguolY
user1759757666452_16@sample.com,pass123456,eyJhbGciOiJIUzI1NiJ9.eyJpZCI6IjJhZWI0NDEyLTMyOTItNDc2Mi04NDUxLTUzNTQzZTk5OTc4OSIsImVtYWlsIjoidXNlcjE3NTk3NTc2NjY0NTJfMTZAc2FtcGxlLmNvbSIsImlhdCI6MTc1OTc1NzY2NiwiZXhwIjoxNzYwMzYyNDY2fQ.uLKw38XRaQLV6R6UcBPi1_Q3TerPM271JqVGv-F4n_M
user1759757666630_17@sample.com,pass123456,eyJhbGciOiJIUzI1NiJ9.eyJpZCI6IjUyMDIyNjNmLWE5MTMtNGQzYy05M2JhLThlZmM4MjRkNTU2MiIsImVtYWlsIjoidXNlcjE3NTk3NTc2NjY2MzBfMTdAc2FtcGxlLmNvbSIsImlhdCI6MTc1OTc1NzY2NiwiZXhwIjoxNzYwMzYyNDY2fQ.eXielAoSa1rbVe8RXjcyqFB0Ncm5VVX72IB8kaKH4Ck
user1759757666809_18@sample.com,pass123456,eyJhbGciOiJIUzI1NiJ9.eyJpZCI6ImRiMGE2YWM5LTZhZTAtNGI2MC1hNTY0LTUwM2MwZDM3YWJmYiIsImVtYWlsIjoidXNlcjE3NTk3NTc2NjY4MDlfMThAc2FtcGxlLmNvbSIsImlhdCI6MTc1OTc1NzY2NiwiZXhwIjoxNzYwMzYyNDY2fQ.JKrcJKU_7g3u-mBvCg2_eLTYitRJRFqzN_leIhpho1I
user1759757666989_19@sample.com,pass123456,eyJhbGciOiJIUzI1NiJ9.eyJpZCI6IjgwMjRkNGYxLWJiMDMtNDhkNi1hNGFiLTlhMDE2Zjc0NmMwMCIsImVtYWlsIjoidXNlcjE3NTk3NTc2NjY5ODlfMTlAc2FtcGxlLmNvbSIsImlhdCI6MTc1OTc1NzY2NywiZXhwIjoxNzYwMzYyNDY3fQ.c2AuhbGMe6sGXL6y_w1RBTcK0ja4PlVR2xWH35miQqk
user1759757667169_20@sample.com,pass123456,eyJhbGciOiJIUzI1NiJ9.eyJpZCI6ImQ4YmE1MTY4LTA3MTgtNGIyNC1hNGI1LTM3YTAwYzFiOGNkMSIsImVtYWlsIjoidXNlcjE3NTk3NTc2NjcxNjlfMjBAc2FtcGxlLmNvbSIsImlhdCI6MTc1OTc1NzY2NywiZXhwIjoxNzYwMzYyNDY3fQ.O6oLFqEh7wYUwDijFxEkUjfpJU8j6DUBdKuzuNkiN-0
user1759757667349_21@sample.com,pass123456,eyJhbGciOiJIUzI1NiJ9.eyJpZCI6IjQ2MTQ3MWQ4LTUyZmQtNDc2OS05Y2E3LTA2ODI0M2M1ODcyMiIsImVtYWlsIjoidXNlcjE3NTk3NTc2NjczNDlfMjFAc2FtcGxlLmNvbSIsImlhdCI6MTc1OTc1NzY2NywiZXhwIjoxNzYwMzYyNDY3fQ.3qJlH1D7fQt1fosAK9vtAHKhBaEHoA2Lt1bAToViL9Y
user1759757667528_22@sample.com,pass123456,eyJhbGciOiJIUzI1NiJ9.eyJpZCI6ImY5ZTVmOTZmLWQ3NDUtNDg4YS1iZmEyLWE0MDJhNmQyN2Y5ZSIsImVtYWlsIjoidXNlcjE3NTk3NTc2Njc1MjhfMjJAc2FtcGxlLmNvbSIsImlhdCI6MTc1OTc1NzY2NywiZXhwIjoxNzYwMzYyNDY3fQ.bRPjQT3AQgOvxgpI6NljIijV9SiV6oozgfjHk5TMANw
user1759757667708_23@sample.com,pass123456,eyJhbGciOiJIUzI1NiJ9.eyJpZCI6IjVlYTYxMTY0LTAwMDItNDY1OC05N2U0LTdjODBhMDgyMWVhNyIsImVtYWlsIjoidXNlcjE3NTk3NTc2Njc3MDhfMjNAc2FtcGxlLmNvbSIsImlhdCI6MTc1OTc1NzY2NywiZXhwIjoxNzYwMzYyNDY3fQ.dSaFvvjBgzlrs_qsd14kZtKi6TYgNy7uec9UjjGxw1Q
user1759757667890_24@sample.com,pass123456,eyJhbGciOiJIUzI1NiJ9.eyJpZCI6IjMzY2M3ZDQxLTIyM2YtNGViNS1hODEwLTViOTg5ODI4MTVlNSIsImVtYWlsIjoidXNlcjE3NTk3NTc2Njc4OTBfMjRAc2FtcGxlLmNvbSIsImlhdCI6MTc1OTc1NzY2OCwiZXhwIjoxNzYwMzYyNDY4fQ._UoltdbZnfXd1Ljbr-vxfMJcEl8HhMhBkezdfD_0i_k
user1759757668069_25@sample.com,pass123456,eyJhbGciOiJIUzI1NiJ9.eyJpZCI6ImNiZTAzZGZkLTMyMmYtNDNkYS05N2Q1LTAyMmIwMzc0ZTg0YSIsImVtYWlsIjoidXNlcjE3NTk3NTc2NjgwNjlfMjVAc2FtcGxlLmNvbSIsImlhdCI6MTc1OTc1NzY2OCwiZXhwIjoxNzYwMzYyNDY4fQ.18F0E9XJMTc5wutdyah9pi6EIGNM5nMjaHIxas3-WEo
user1759757668248_26@sample.com,pass123456,eyJhbGciOiJIUzI1NiJ9.eyJpZCI6IjRhM2FmZGE4LTJiNDgtNGNjMS04MDU1LWI3MWRlNWUyNDdiMiIsImVtYWlsIjoidXNlcjE3NTk3NTc2NjgyNDhfMjZAc2FtcGxlLmNvbSIsImlhdCI6MTc1OTc1NzY2OCwiZXhwIjoxNzYwMzYyNDY4fQ.tjI1vH9Pi5jEbWqcVtONfKC0xxvWA_ezFlfeD4K_Hgs
user1759757668429_27@sample.com,pass123456,eyJhbGciOiJIUzI1NiJ9.eyJpZCI6ImE0N2E2YTZmLWI1MjItNDlkNy1hZGY2LTg5YjVhNGUxODljYyIsImVtYWlsIjoidXNlcjE3NTk3NTc2Njg0MjlfMjdAc2FtcGxlLmNvbSIsImlhdCI6MTc1OTc1NzY2OCwiZXhwIjoxNzYwMzYyNDY4fQ.VgZtvBPFik751eFJyzSpZzAu9XmxPe4BGp-5p-_HVzg
user1759757668608_28@sample.com,pass123456,eyJhbGciOiJIUzI1NiJ9.eyJpZCI6Ijk2MTQ3ZTIyLTRhNGItNGMyMS1hZDQ5LWNmZjdmNzVlM2Y3MyIsImVtYWlsIjoidXNlcjE3NTk3NTc2Njg2MDhfMjhAc2FtcGxlLmNvbSIsImlhdCI6MTc1OTc1NzY2OCwiZXhwIjoxNzYwMzYyNDY4fQ.Ys_4qd4lNz4nB46m5sTWoce2oR3lE4iRWA4CF9trcSw
user1759757668790_29@sample.com,pass123456,eyJhbGciOiJIUzI1NiJ9.eyJpZCI6IjExODBiNjUwLTRlODEtNGViOC1iM2ViLTdkZjdiOWMzM2M1OCIsImVtYWlsIjoidXNlcjE3NTk3NTc2Njg3OTBfMjlAc2FtcGxlLmNvbSIsImlhdCI6MTc1OTc1NzY2OCwiZXhwIjoxNzYwMzYyNDY4fQ.Yvs0dZs2PxiNmMVv73PAWo8jzu0p0CdMe4qF2zyh8L0
user1759757668970_30@sample.com,pass123456,eyJhbGciOiJIUzI1NiJ9.eyJpZCI6IjU2OGMyMWFhLTQwOTYtNGI2Ny05OTRhLTE1NmM3ZDQ5MWU3YSIsImVtYWlsIjoidXNlcjE3NTk3NTc2Njg5NzBfMzBAc2FtcGxlLmNvbSIsImlhdCI6MTc1OTc1NzY2OSwiZXhwIjoxNzYwMzYyNDY5fQ.tqle1uwN-5wOwK94p-XrhvcTiIUQo0fq6P1fNGG1oKM
user1759757669150_31@sample.com,pass123456,eyJhbGciOiJIUzI1NiJ9.eyJpZCI6IjU4MmI1Y2I1LTlkMDYtNGY5MC05NzRhLWJiZTQzZWY2NzY2MiIsImVtYWlsIjoidXNlcjE3NTk3NTc2NjkxNTBfMzFAc2FtcGxlLmNvbSIsImlhdCI6MTc1OTc1NzY2OSwiZXhwIjoxNzYwMzYyNDY5fQ.aObpPkU1Iip1mZZ4xesrjjxp7i5YCMxk-pg-ca_PfxM
user1759757669329_32@sample.com,pass123456,eyJhbGciOiJIUzI1NiJ9.eyJpZCI6IjdhZTE0NTA5LTlhNWEtNDU0ZC05ZTE1LTlkMWM0MGRhMmJmYyIsImVtYWlsIjoidXNlcjE3NTk3NTc2NjkzMjlfMzJAc2FtcGxlLmNvbSIsImlhdCI6MTc1OTc1NzY2OSwiZXhwIjoxNzYwMzYyNDY5fQ.AkZx90CSDeEmxiPyEsLAPUDGPNpsgH_vbJBbJeSO0ZQ
user1759757669509_33@sample.com,pass123456,eyJhbGciOiJIUzI1NiJ9.eyJpZCI6ImIwMmQ0MzNjLWNhZjUtNDE4NS1hYTI5LWNjZDgwY2E5NTEzMyIsImVtYWlsIjoidXNlcjE3NTk3NTc2Njk1MDlfMzNAc2FtcGxlLmNvbSIsImlhdCI6MTc1OTc1NzY2OSwiZXhwIjoxNzYwMzYyNDY5fQ.vtauQ-cenYHzHdlLcBPhi2e75Uzntu0BfKowEDIe_qU
user1759757669690_34@sample.com,pass123456,eyJhbGciOiJIUzI1NiJ9.eyJpZCI6IjQ4MDZhMTU0LTcxMzMtNDAxNy04MTQ3LTQ5ZmMwNzVhZWEzNyIsImVtYWlsIjoidXNlcjE3NTk3NTc2Njk2OTBfMzRAc2FtcGxlLmNvbSIsImlhdCI6MTc1OTc1NzY2OSwiZXhwIjoxNzYwMzYyNDY5fQ.dE5vhwfQ6MWxh0X2GJ8YXuFmBcB6lGNC7s2obMgI0aE
user1759757669869_35@sample.com,pass123456,eyJhbGciOiJIUzI1NiJ9.eyJpZCI6IjkxMzJjN2IwLTU1ODUtNDhjMS04MTE2LTRiODVkMzUxYWQ2NCIsImVtYWlsIjoidXNlcjE3NTk3NTc2Njk4NjlfMzVAc2FtcGxlLmNvbSIsImlhdCI6MTc1OTc1NzY3MCwiZXhwIjoxNzYwMzYyNDcwfQ.AAL0bGa61BiYF48EvApcfjHliyU1hqOETg4hvxHjb-k
user1759757670049_36@sample.com,pass123456,eyJhbGciOiJIUzI1NiJ9.eyJpZCI6IjAwM2QwNzY1LWNiOTgtNDY3Ny05ODBmLTc5NWMxN2Y3M2Q5MCIsImVtYWlsIjoidXNlcjE3NTk3NTc2NzAwNDlfMzZAc2FtcGxlLmNvbSIsImlhdCI6MTc1OTc1NzY3MCwiZXhwIjoxNzYwMzYyNDcwfQ.RBl3Kn05phtym_YXwxT5Tha_R4G2eymVme1aah8H9Ss
user1759757670229_37@sample.com,pass123456,eyJhbGciOiJIUzI1NiJ9.eyJpZCI6IjEwZjQ5NTk0LWE5M2MtNDAzOC1iOGJlLWQxZmNhZTdkM2RiMyIsImVtYWlsIjoidXNlcjE3NTk3NTc2NzAyMjlfMzdAc2FtcGxlLmNvbSIsImlhdCI6MTc1OTc1NzY3MCwiZXhwIjoxNzYwMzYyNDcwfQ.sWoNv1yHpD_D2UZkiGOkR8CxPLXfTNrtDC3Uh-MrNrI
user1759757670410_38@sample.com,pass123456,eyJhbGciOiJIUzI1NiJ9.eyJpZCI6IjE1YjRhODNkLTM3ZjQtNGY2ZC1hNDQ4LWJjMDFjY2YxMmIwYiIsImVtYWlsIjoidXNlcjE3NTk3NTc2NzA0MTBfMzhAc2FtcGxlLmNvbSIsImlhdCI6MTc1OTc1NzY3MCwiZXhwIjoxNzYwMzYyNDcwfQ.6ltNJ2l_sg46eFjAh_f1XV57AdPb1w-0c3paarHmCbU
user1759757670589_39@sample.com,pass123456,eyJhbGciOiJIUzI1NiJ9.eyJpZCI6ImUwM2I3MTZhLTZhMmMtNGU5Mi04MWQzLTA1ZDNiODE3M2U3YyIsImVtYWlsIjoidXNlcjE3NTk3NTc2NzA1ODlfMzlAc2FtcGxlLmNvbSIsImlhdCI6MTc1OTc1NzY3MCwiZXhwIjoxNzYwMzYyNDcwfQ.LE-_qaOwlmByzfFYeRYOxb48N3Ys8tBn-ORgq5rDxWo
user1759757670768_40@sample.com,pass123456,eyJhbGciOiJIUzI1NiJ9.eyJpZCI6IjQ4YTAzMTk2LWRkYmYtNGNiYy1hNTBhLTgxMjEwY2RhYjMwMCIsImVtYWlsIjoidXNlcjE3NTk3NTc2NzA3NjhfNDBAc2FtcGxlLmNvbSIsImlhdCI6MTc1OTc1NzY3MCwiZXhwIjoxNzYwMzYyNDcwfQ.5mfwOb7nVDyF-zJ8XECKplGj5F1e-kIgKHNGaeVvraw
user1759757670948_41@sample.com,pass123456,eyJhbGciOiJIUzI1NiJ9.eyJpZCI6ImNiN2U2NmRkLWY0ZTYtNDI0OS05NjE0LWQ5ODIxZDBiODJiZSIsImVtYWlsIjoidXNlcjE3NTk3NTc2NzA5NDhfNDFAc2FtcGxlLmNvbSIsImlhdCI6MTc1OTc1NzY3MSwiZXhwIjoxNzYwMzYyNDcxfQ.R2Qz4YeDNnG7PnY8NQ76n_J46PYPhIRsyDmZ9DGK8GE
user1759757671129_42@sample.com,pass123456,eyJhbGciOiJIUzI1NiJ9.eyJpZCI6IjhlNzUyZjY1LWM1NTMtNDE2ZS04YWUxLWNiNjA1ZjZiYTljZiIsImVtYWlsIjoidXNlcjE3NTk3NTc2NzExMjlfNDJAc2FtcGxlLmNvbSIsImlhdCI6MTc1OTc1NzY3MSwiZXhwIjoxNzYwMzYyNDcxfQ.9dTJ-DBKI8ZTwy7exRVF4WMs78F0ACG3IZ7YYjFNLJM
user1759757671307_43@sample.com,pass123456,eyJhbGciOiJIUzI1NiJ9.eyJpZCI6IjJlMWM4ZDk4LWE3NTQtNDljOC05ZmZkLWFjOTJkODdhNDAwZCIsImVtYWlsIjoidXNlcjE3NTk3NTc2NzEzMDdfNDNAc2FtcGxlLmNvbSIsImlhdCI6MTc1OTc1NzY3MSwiZXhwIjoxNzYwMzYyNDcxfQ.zxQ8bq9PH4SumJN_L1-TrmRIWyBXq1yzv12pt4hb0bQ
user1759757671487_44@sample.com,pass123456,eyJhbGciOiJIUzI1NiJ9.eyJpZCI6ImViOThkM2M3LTdjYzAtNGI2Ni1hN2Q1LWNiNTYzY2Y4MmM5YiIsImVtYWlsIjoidXNlcjE3NTk3NTc2NzE0ODdfNDRAc2FtcGxlLmNvbSIsImlhdCI6MTc1OTc1NzY3MSwiZXhwIjoxNzYwMzYyNDcxfQ._fOxKmpOKHVW73TuXGsi2uNGCKIsnJ_bJTi2RPgK7js
user1759757671667_45@sample.com,pass123456,eyJhbGciOiJIUzI1NiJ9.eyJpZCI6ImYwMDQzMjkxLTcyYjgtNGRiMS05NTI5LTc0NDY3ZDdiM2YyNSIsImVtYWlsIjoidXNlcjE3NTk3NTc2NzE2NjdfNDVAc2FtcGxlLmNvbSIsImlhdCI6MTc1OTc1NzY3MSwiZXhwIjoxNzYwMzYyNDcxfQ.iI4elyRccaulkSRw_XY2HuKwGy5rHmlkM6lsX58gzW8
user1759757671846_46@sample.com,pass123456,eyJhbGciOiJIUzI1NiJ9.eyJpZCI6ImJhNmRlNDI5LWZjMzYtNDg2Ny1iZDYyLWI1ZDg4ZjQwZWNkNSIsImVtYWlsIjoidXNlcjE3NTk3NTc2NzE4NDZfNDZAc2FtcGxlLmNvbSIsImlhdCI6MTc1OTc1NzY3MiwiZXhwIjoxNzYwMzYyNDcyfQ.8AOWfhF6ioiEZPjpyxuN49ahSOpy-_mGdbUXftR42eQ
user1759757672026_47@sample.com,pass123456,eyJhbGciOiJIUzI1NiJ9.eyJpZCI6Ijc3MThiZTUzLWJjYzItNGRhOS1hMzZlLTAyZjBiZDRjNWI2NiIsImVtYWlsIjoidXNlcjE3NTk3NTc2NzIwMjZfNDdAc2FtcGxlLmNvbSIsImlhdCI6MTc1OTc1NzY3MiwiZXhwIjoxNzYwMzYyNDcyfQ.14WMiR8QVarNbkcKzS7M1tpHP3LiTi2Bx90UXAqHBu8
user1759757672207_48@sample.com,pass123456,eyJhbGciOiJIUzI1NiJ9.eyJpZCI6ImY4MDYyODEwLTc4NGItNDI5Mi1iZDEyLTI1MmI1MjRmM2E4YiIsImVtYWlsIjoidXNlcjE3NTk3NTc2NzIyMDdfNDhAc2FtcGxlLmNvbSIsImlhdCI6MTc1OTc1NzY3MiwiZXhwIjoxNzYwMzYyNDcyfQ.3AEDtlFzs55YCJ7dL3Gw-7C8OXOz0GT-VLuRL7-45fA
user1759757672387_49@sample.com,pass123456,eyJhbGciOiJIUzI1NiJ9.eyJpZCI6IjYyNWUwZmUxLTlkYzgtNDZjZC1hZTE5LTUwYWYzYmVlMTEyMiIsImVtYWlsIjoidXNlcjE3NTk3NTc2NzIzODdfNDlAc2FtcGxlLmNvbSIsImlhdCI6MTc1OTc1NzY3MiwiZXhwIjoxNzYwMzYyNDcyfQ.MZIUgEJVxdODUhveTNCBnO83NGgSq7BzyoqvCtFL5UM
user1759757672567_50@sample.com,pass123456,eyJhbGciOiJIUzI1NiJ9.eyJpZCI6IjkwOTNmOTRmLTQ5ZGItNDRjNi04ZGI3LTQxM2E4YTQ1N2Y0NCIsImVtYWlsIjoidXNlcjE3NTk3NTc2NzI1NjdfNTBAc2FtcGxlLmNvbSIsImlhdCI6MTc1OTc1NzY3MiwiZXhwIjoxNzYwMzYyNDcyfQ.3tnf_RxPITg9wMV26evtIobOLsU0nBvifHJFQn9vioQ
user1759757672748_51@sample.com,pass123456,eyJhbGciOiJIUzI1NiJ9.eyJpZCI6ImRkMmYwNzc3LTUyMWUtNDZiMS1iMmQ4LTM3NWJiNWE5ZWVkYiIsImVtYWlsIjoidXNlcjE3NTk3NTc2NzI3NDhfNTFAc2FtcGxlLmNvbSIsImlhdCI6MTc1OTc1NzY3MiwiZXhwIjoxNzYwMzYyNDcyfQ.TPjOQlGqKjtTlRZoO4AZlQwwDXvOxm_iZOTW3NmYWF8
user1759757672936_52@sample.com,pass123456,eyJhbGciOiJIUzI1NiJ9.eyJpZCI6ImI2MzZhMTQxLTA5YTctNDkyYS1iMTc2LWU5NGVmZmEzZDJkOCIsImVtYWlsIjoidXNlcjE3NTk3NTc2NzI5MzZfNTJAc2FtcGxlLmNvbSIsImlhdCI6MTc1OTc1NzY3MywiZXhwIjoxNzYwMzYyNDczfQ.S9j8fAYbewMGbMu7ShPYVCrGqtlPfi0a9w2Pl3sm_rU
user1759757673117_53@sample.com,pass123456,eyJhbGciOiJIUzI1NiJ9.eyJpZCI6IjU4ZjBmY2IzLWNjNjktNGE2MS1hMzY4LTk4ZmQwMTM1Nzg2MSIsImVtYWlsIjoidXNlcjE3NTk3NTc2NzMxMTdfNTNAc2FtcGxlLmNvbSIsImlhdCI6MTc1OTc1NzY3MywiZXhwIjoxNzYwMzYyNDczfQ.SyegfUQiqHI6J5Bt__uJSXRGFE8RrPefY1OfzGFMmM0
user1759757673296_54@sample.com,pass123456,eyJhbGciOiJIUzI1NiJ9.eyJpZCI6ImNiN2Q0NTZjLTY5ZGUtNDUyYy05ODNlLTJjMDA3YzIwNDllZCIsImVtYWlsIjoidXNlcjE3NTk3NTc2NzMyOTZfNTRAc2FtcGxlLmNvbSIsImlhdCI6MTc1OTc1NzY3MywiZXhwIjoxNzYwMzYyNDczfQ.Eyrl-CMLmRp6GYByrjsPw4007j0lxKU1EtRzLFaNM3o
user1759757673477_55@sample.com,pass123456,eyJhbGciOiJIUzI1NiJ9.eyJpZCI6IjEzMmUxOTk2LWIyYTAtNGNhZC1iM2NhLTlmMjA5OTZhMzRlNiIsImVtYWlsIjoidXNlcjE3NTk3NTc2NzM0NzdfNTVAc2FtcGxlLmNvbSIsImlhdCI6MTc1OTc1NzY3MywiZXhwIjoxNzYwMzYyNDczfQ._o7XLQf7nmHkTJP8iX-LJR20u3W6ONLWqDbKp_STKUo
user1759757673657_56@sample.com,pass123456,eyJhbGciOiJIUzI1NiJ9.eyJpZCI6IjQ1M2IxNmJjLTc2YjQtNDMxZS04MDk3LTU1NWJhM2EwNWQ1OCIsImVtYWlsIjoidXNlcjE3NTk3NTc2NzM2NTdfNTZAc2FtcGxlLmNvbSIsImlhdCI6MTc1OTc1NzY3MywiZXhwIjoxNzYwMzYyNDczfQ.8exfWCUXA-pA5pOh-maq4gXH-21tQjRfp1xKlahkFmw
user1759757673837_57@sample.com,pass123456,eyJhbGciOiJIUzI1NiJ9.eyJpZCI6IjExMmY3MDAzLTY3NzQtNDlkYi1iMWI1LTExYmQ2YTFiYWFiYiIsImVtYWlsIjoidXNlcjE3NTk3NTc2NzM4MzdfNTdAc2FtcGxlLmNvbSIsImlhdCI6MTc1OTc1NzY3NCwiZXhwIjoxNzYwMzYyNDc0fQ.rFkdN6m-7YAQxuvuGO4RU3AfUer3GPkzRGN7_0YDd04
user1759757674016_58@sample.com,pass123456,eyJhbGciOiJIUzI1NiJ9.eyJpZCI6ImI1NzFmY2Q0LWQ2YTgtNDM3Yy05ZWY5LWQwMTI2NzI1MGY1MiIsImVtYWlsIjoidXNlcjE3NTk3NTc2NzQwMTZfNThAc2FtcGxlLmNvbSIsImlhdCI6MTc1OTc1NzY3NCwiZXhwIjoxNzYwMzYyNDc0fQ.O4UTIgFDfRXrMI43JIKxEw_4uoxu0XZntqjkTed0lUc
user1759757674196_59@sample.com,pass123456,eyJhbGciOiJIUzI1NiJ9.eyJpZCI6IjcyMDYxNmYyLTBlYzEtNDZlZS05NTRiLWNiZDM0ZjZjMmFiZCIsImVtYWlsIjoidXNlcjE3NTk3NTc2NzQxOTZfNTlAc2FtcGxlLmNvbSIsImlhdCI6MTc1OTc1NzY3NCwiZXhwIjoxNzYwMzYyNDc0fQ.FsR241VDGm5Va57psOsoQVwqqSpR94BFZC84SLHsWQE
user1759757674376_60@sample.com,pass123456,eyJhbGciOiJIUzI1NiJ9.eyJpZCI6IjlkYTBiNThhLTc2OGItNGVkMi1hNDI1LTk1NDE4MDZhNWI4NiIsImVtYWlsIjoidXNlcjE3NTk3NTc2NzQzNzZfNjBAc2FtcGxlLmNvbSIsImlhdCI6MTc1OTc1NzY3NCwiZXhwIjoxNzYwMzYyNDc0fQ.DBGs53E3w67oxC5yVGgP0LxhfKpQZ3kRUynnMw-zrQs
user1759757674554_61@sample.com,pass123456,eyJhbGciOiJIUzI1NiJ9.eyJpZCI6Ijk2YzIyMDA1LTJmMWEtNDNjNS1hNjNkLWI0ODJmNWZjMWM4OCIsImVtYWlsIjoidXNlcjE3NTk3NTc2NzQ1NTRfNjFAc2FtcGxlLmNvbSIsImlhdCI6MTc1OTc1NzY3NCwiZXhwIjoxNzYwMzYyNDc0fQ.AeA7uPUt2ASbGl7DVdWCdD5Fuy4QZvVdaxOA2osgWqE
user1759757674734_62@sample.com,pass123456,eyJhbGciOiJIUzI1NiJ9.eyJpZCI6ImEzYjUxMTZkLWYwMTMtNDdlYS1iMmU5LWE2ODZmOTlmYjg1MyIsImVtYWlsIjoidXNlcjE3NTk3NTc2NzQ3MzRfNjJAc2FtcGxlLmNvbSIsImlhdCI6MTc1OTc1NzY3NCwiZXhwIjoxNzYwMzYyNDc0fQ.0kJ6zBH7jlDVUOBQ-_mkfPhnaKzYPfq3KcLO0b9SfI0
user1759757674914_63@sample.com,pass123456,eyJhbGciOiJIUzI1NiJ9.eyJpZCI6ImI3OWY5NTAwLTk3YWMtNGFkNS05ZWVhLWVlOWQxZDY5ZGJjYiIsImVtYWlsIjoidXNlcjE3NTk3NTc2NzQ5MTRfNjNAc2FtcGxlLmNvbSIsImlhdCI6MTc1OTc1NzY3NSwiZXhwIjoxNzYwMzYyNDc1fQ.9UdFDr5trVAYn0NvZ4R6kTc0VZhNeAWZLMn6TzEqxf0
user1759757675094_64@sample.com,pass123456,eyJhbGciOiJIUzI1NiJ9.eyJpZCI6IjBiYjQyODg0LWNlMmQtNGE2MC05NjlkLWU5NDk1ZDU2NjJmYyIsImVtYWlsIjoidXNlcjE3NTk3NTc2NzUwOTRfNjRAc2FtcGxlLmNvbSIsImlhdCI6MTc1OTc1NzY3NSwiZXhwIjoxNzYwMzYyNDc1fQ.hqkDaFqJAaqK9ZW33zCpmbTs2VDNe5F7vsuQovLwS4Y
user1759757675275_65@sample.com,pass123456,eyJhbGciOiJIUzI1NiJ9.eyJpZCI6IjM2MGQ4NDNlLWJmODktNDFhMC1iY2EzLWZlYThmNTk0MWIyYSIsImVtYWlsIjoidXNlcjE3NTk3NTc2NzUyNzVfNjVAc2FtcGxlLmNvbSIsImlhdCI6MTc1OTc1NzY3NSwiZXhwIjoxNzYwMzYyNDc1fQ.-FfHXdDkVvYvUxyyYjIelHBk6U_0lNcGhtpZLZ-FhSM
user1759757675455_66@sample.com,pass123456,eyJhbGciOiJIUzI1NiJ9.eyJpZCI6ImMyZjFlYzBkLWI0NGQtNGIyMS1iNDU1LTJmN2ZlZDJkMmM0ZiIsImVtYWlsIjoidXNlcjE3NTk3NTc2NzU0NTVfNjZAc2FtcGxlLmNvbSIsImlhdCI6MTc1OTc1NzY3NSwiZXhwIjoxNzYwMzYyNDc1fQ.wfy0tz9GrarR_G8WVHH8-sO2eqF42yEV5kMItSj3ni4
user1759757675635_67@sample.com,pass123456,eyJhbGciOiJIUzI1NiJ9.eyJpZCI6IjM4NDk0M2ZkLWQ3YmEtNGFhMC1iY2YzLTdhZWE5ZjkwNTBmZCIsImVtYWlsIjoidXNlcjE3NTk3NTc2NzU2MzVfNjdAc2FtcGxlLmNvbSIsImlhdCI6MTc1OTc1NzY3NSwiZXhwIjoxNzYwMzYyNDc1fQ.FkUwNWg5wmMz-OYHINCnZtjPn72ETBoUtUTfa47vh8A
user1759757675814_68@sample.com,pass123456,eyJhbGciOiJIUzI1NiJ9.eyJpZCI6IjA0Y2U5MDYyLWZiYWEtNDNlNy1iNjgxLTJjOThiOTcwYThlMSIsImVtYWlsIjoidXNlcjE3NTk3NTc2NzU4MTRfNjhAc2FtcGxlLmNvbSIsImlhdCI6MTc1OTc1NzY3NSwiZXhwIjoxNzYwMzYyNDc1fQ.QX6TbOG3fyPYKDPNn-Byntiz1vitWJ1fUuM5UagZQKc
user1759757675994_69@sample.com,pass123456,eyJhbGciOiJIUzI1NiJ9.eyJpZCI6ImUwNTU2NTNkLWIxNTktNDgzMS04ZjZmLTcwNTE3MGY5NTlmYSIsImVtYWlsIjoidXNlcjE3NTk3NTc2NzU5OTRfNjlAc2FtcGxlLmNvbSIsImlhdCI6MTc1OTc1NzY3NiwiZXhwIjoxNzYwMzYyNDc2fQ.z_nl3nld4og5akRnU_9uLGDWcpanBM3-LW6jyvij20M
user1759757676174_70@sample.com,pass123456,eyJhbGciOiJIUzI1NiJ9.eyJpZCI6IjU1NDYxNGQ4LTJhNTAtNDY5Yy1iMTRjLWE3MTJmNDQ3ZjQwNCIsImVtYWlsIjoidXNlcjE3NTk3NTc2NzYxNzRfNzBAc2FtcGxlLmNvbSIsImlhdCI6MTc1OTc1NzY3NiwiZXhwIjoxNzYwMzYyNDc2fQ.AsscoVWR8VQ33-xEViLf4cA34gGAroJQkwGhcV1Zvig
user1759757676354_71@sample.com,pass123456,eyJhbGciOiJIUzI1NiJ9.eyJpZCI6IjgzYTVlOTE0LWRiYjEtNDMxZi1iMGU1LWM3YzBjM2YxY2FmYyIsImVtYWlsIjoidXNlcjE3NTk3NTc2NzYzNTRfNzFAc2FtcGxlLmNvbSIsImlhdCI6MTc1OTc1NzY3NiwiZXhwIjoxNzYwMzYyNDc2fQ.zi0KelXgILPtHQJQmUN9yPk0oZHL4CQ-Asvp9NDja1o
user1759757676534_72@sample.com,pass123456,eyJhbGciOiJIUzI1NiJ9.eyJpZCI6IjI0OTFjZDAyLTZiNTQtNGQzZC1iMWM0LTc0YTY4OTBiYzdlNCIsImVtYWlsIjoidXNlcjE3NTk3NTc2NzY1MzRfNzJAc2FtcGxlLmNvbSIsImlhdCI6MTc1OTc1NzY3NiwiZXhwIjoxNzYwMzYyNDc2fQ.uPK8IxEtGBiAFmKXy5M7BlKHG3cTz2z-UoZRBViCHoA
user1759757676715_73@sample.com,pass123456,eyJhbGciOiJIUzI1NiJ9.eyJpZCI6ImQyNDQyMDgwLTdhYTktNDlmOC04OWUwLTYxNTRhM2I5ODhlOSIsImVtYWlsIjoidXNlcjE3NTk3NTc2NzY3MTVfNzNAc2FtcGxlLmNvbSIsImlhdCI6MTc1OTc1NzY3NiwiZXhwIjoxNzYwMzYyNDc2fQ.zj9k5URi2regQxZLP2Do2jeJFVS_yVhjXsJUI21ziHA
user1759757676894_74@sample.com,pass123456,eyJhbGciOiJIUzI1NiJ9.eyJpZCI6IjVjYWM2YzhhLTgwZDMtNGMxMC05MGNjLWJkZjQ0MDAxNjIwYSIsImVtYWlsIjoidXNlcjE3NTk3NTc2NzY4OTRfNzRAc2FtcGxlLmNvbSIsImlhdCI6MTc1OTc1NzY3NywiZXhwIjoxNzYwMzYyNDc3fQ.LAAAMDTQNcZsN-3vyVrrqGESDYNdiGZMG5j4On8tRRU
user1759757677073_75@sample.com,pass123456,eyJhbGciOiJIUzI1NiJ9.eyJpZCI6IjhlYzM5N2I1LTg3OWQtNGQ5YS1hMDk5LTA5ODY1ZTVjMzhmYSIsImVtYWlsIjoidXNlcjE3NTk3NTc2NzcwNzNfNzVAc2FtcGxlLmNvbSIsImlhdCI6MTc1OTc1NzY3NywiZXhwIjoxNzYwMzYyNDc3fQ.7B-aeJkDvwv6ZUSQROeQv7VH5sWsb_iHyF-hageS0z4
user1759757677253_76@sample.com,pass123456,eyJhbGciOiJIUzI1NiJ9.eyJpZCI6IjEwNzBkYmM2LTRlZTktNGZhOS04Njk2LTcyMzgxYTVjNDYzOSIsImVtYWlsIjoidXNlcjE3NTk3NTc2NzcyNTNfNzZAc2FtcGxlLmNvbSIsImlhdCI6MTc1OTc1NzY3NywiZXhwIjoxNzYwMzYyNDc3fQ.i56RxUXXwAQxxAUjXIBytQBMSV2rnjsUWl57z-8unzI
user1759757677440_77@sample.com,pass123456,eyJhbGciOiJIUzI1NiJ9.eyJpZCI6IjQzMzhiMWQzLWViMWQtNGIzOC1hMTA1LTA3M2NiMzRlODE2MCIsImVtYWlsIjoidXNlcjE3NTk3NTc2Nzc0NDBfNzdAc2FtcGxlLmNvbSIsImlhdCI6MTc1OTc1NzY3NywiZXhwIjoxNzYwMzYyNDc3fQ.3WHW_w2Gj63AaaxbNHdyYOZEQeyMdWluvZnwysKQcEE
user1759757677626_78@sample.com,pass123456,eyJhbGciOiJIUzI1NiJ9.eyJpZCI6IjIxNTM1OTdmLTg5OTctNDg1ZS1iNWUzLThkMzAwNmMyYmVjNyIsImVtYWlsIjoidXNlcjE3NTk3NTc2Nzc2MjZfNzhAc2FtcGxlLmNvbSIsImlhdCI6MTc1OTc1NzY3NywiZXhwIjoxNzYwMzYyNDc3fQ.V0iz2_zqkatS87OZX_Egm3J_Uz6nRiIBY5dlMcFOj_o
user1759757677807_79@sample.com,pass123456,eyJhbGciOiJIUzI1NiJ9.eyJpZCI6IjQ4ZDcwMDdlLWVlYzAtNGY3NC1hZDk0LWRjNTk3ZDllYjM5YyIsImVtYWlsIjoidXNlcjE3NTk3NTc2Nzc4MDdfNzlAc2FtcGxlLmNvbSIsImlhdCI6MTc1OTc1NzY3NywiZXhwIjoxNzYwMzYyNDc3fQ.ShwvDLuPZLvcZeGWOinc5sGxixb6QAFINC_Fbp-fc9E
user1759757677987_80@sample.com,pass123456,eyJhbGciOiJIUzI1NiJ9.eyJpZCI6ImUzZTkwZTNkLTY2MzMtNDkwNC1iNjY2LTQxZDE1MzAwZTg5YSIsImVtYWlsIjoidXNlcjE3NTk3NTc2Nzc5ODdfODBAc2FtcGxlLmNvbSIsImlhdCI6MTc1OTc1NzY3OCwiZXhwIjoxNzYwMzYyNDc4fQ.Bb0WhqP9aP9t_38DFkpriZ_UPxskEr9PQ7BadQ9z-TU
user1759757678209_81@sample.com,pass123456,eyJhbGciOiJIUzI1NiJ9.eyJpZCI6IjMwNTc0OTMyLWZiOTAtNDk5ZC1iZTU3LTMwNTY1ODhjYmE0MyIsImVtYWlsIjoidXNlcjE3NTk3NTc2NzgyMDlfODFAc2FtcGxlLmNvbSIsImlhdCI6MTc1OTc1NzY3OCwiZXhwIjoxNzYwMzYyNDc4fQ.g93u6LKPdTlhRh8kQB-MTIZsYg85PRp26R1fY__60L4
user1759757678388_82@sample.com,pass123456,eyJhbGciOiJIUzI1NiJ9.eyJpZCI6IjFlYTc1OGUxLWJhODQtNDlhZi04YTE2LTg5MzFmY2Q4MmI5YSIsImVtYWlsIjoidXNlcjE3NTk3NTc2NzgzODhfODJAc2FtcGxlLmNvbSIsImlhdCI6MTc1OTc1NzY3OCwiZXhwIjoxNzYwMzYyNDc4fQ.5_h8SHRTV3JUnk-j9mFOdygtlIA2BJ0tq7Ry4iOgziY
user1759757678569_83@sample.com,pass123456,eyJhbGciOiJIUzI1NiJ9.eyJpZCI6ImZmMzU4YzUwLTVkOWEtNGQ3YS04YmZiLTU1YjVhZjUwNzVhZiIsImVtYWlsIjoidXNlcjE3NTk3NTc2Nzg1NjlfODNAc2FtcGxlLmNvbSIsImlhdCI6MTc1OTc1NzY3OCwiZXhwIjoxNzYwMzYyNDc4fQ.SD2kN9tyIcHVsaz0oNIPtlmxBdlsbxGz3osqKv-bs94
user1759757678749_84@sample.com,pass123456,eyJhbGciOiJIUzI1NiJ9.eyJpZCI6ImM1MDQ1NWJkLTU3OTEtNDk0ZC1iODc1LWQ2MTU5MTg2MTcyOSIsImVtYWlsIjoidXNlcjE3NTk3NTc2Nzg3NDlfODRAc2FtcGxlLmNvbSIsImlhdCI6MTc1OTc1NzY3OCwiZXhwIjoxNzYwMzYyNDc4fQ.B3B5Gd3Y_iLfdSLHPqCRFDBfmNuXxZdD_Xc7l06sY_o
user1759757678928_85@sample.com,pass123456,eyJhbGciOiJIUzI1NiJ9.eyJpZCI6ImNhYjVjODYxLWM2OTktNDg0Mi04ZTZkLTQwN2E3ZjE2ZTkzZSIsImVtYWlsIjoidXNlcjE3NTk3NTc2Nzg5MjhfODVAc2FtcGxlLmNvbSIsImlhdCI6MTc1OTc1NzY3OSwiZXhwIjoxNzYwMzYyNDc5fQ.ELLfPoGuLEzBIwfaVeaaseVam_kfhM7HCM_oX7tZFtU
user1759757679107_86@sample.com,pass123456,eyJhbGciOiJIUzI1NiJ9.eyJpZCI6IjE2ZDQ4YjNkLTEwZjgtNGRlMC1iYWJhLTU4NjViYTZhZDA4MCIsImVtYWlsIjoidXNlcjE3NTk3NTc2NzkxMDdfODZAc2FtcGxlLmNvbSIsImlhdCI6MTc1OTc1NzY3OSwiZXhwIjoxNzYwMzYyNDc5fQ.FlCoVTiMWOXr_KM_ttD8gBJFYxWFp0q1tmRJN14u-BE
user1759757679287_87@sample.com,pass123456,eyJhbGciOiJIUzI1NiJ9.eyJpZCI6IjI4NzgzNjlhLTc2ZTAtNDczNC1hOGRlLWE2ZDlkYmI5YWY1NCIsImVtYWlsIjoidXNlcjE3NTk3NTc2NzkyODdfODdAc2FtcGxlLmNvbSIsImlhdCI6MTc1OTc1NzY3OSwiZXhwIjoxNzYwMzYyNDc5fQ.glGTD5BG7-zpLbW8Mnlt5eaiXcP7lwtWURgoY_qp2Mw
user1759757679467_88@sample.com,pass123456,eyJhbGciOiJIUzI1NiJ9.eyJpZCI6IjRiMzA0NjU0LTdhM2UtNDQzZC1hNGJiLWY5ZjQ1ZThkYWRmZCIsImVtYWlsIjoidXNlcjE3NTk3NTc2Nzk0NjdfODhAc2FtcGxlLmNvbSIsImlhdCI6MTc1OTc1NzY3OSwiZXhwIjoxNzYwMzYyNDc5fQ.gHMAyxi9YquRr-XOsmlgfTBIhX-MVt6W_nnHM-TF7jk
user1759757679645_89@sample.com,pass123456,eyJhbGciOiJIUzI1NiJ9.eyJpZCI6Ijg4YzYyYjAyLTA3ODUtNDQ0My04NjAzLTM0YTIwNWJjYzljNiIsImVtYWlsIjoidXNlcjE3NTk3NTc2Nzk2NDVfODlAc2FtcGxlLmNvbSIsImlhdCI6MTc1OTc1NzY3OSwiZXhwIjoxNzYwMzYyNDc5fQ.vKgDIGbFx6a3_R9_S3Itw5H7m4psBFy9fz8JBZY13pc
user1759757679825_90@sample.com,pass123456,eyJhbGciOiJIUzI1NiJ9.eyJpZCI6IjRlZDRjZjQ0LWYyMDQtNDQyYi1iYTQzLTZjMmYwNjVhNTk4NyIsImVtYWlsIjoidXNlcjE3NTk3NTc2Nzk4MjVfOTBAc2FtcGxlLmNvbSIsImlhdCI6MTc1OTc1NzY4MCwiZXhwIjoxNzYwMzYyNDgwfQ._AhfVvfQWG3-FU9rUTxcJ6nyRYUi2jn_LbDCpEskU10
user1759757680005_91@sample.com,pass123456,eyJhbGciOiJIUzI1NiJ9.eyJpZCI6IjkyYzRhODZjLTEyZGYtNDExYy1hNmM4LThlZDdhMGJhNjc1ZSIsImVtYWlsIjoidXNlcjE3NTk3NTc2ODAwMDVfOTFAc2FtcGxlLmNvbSIsImlhdCI6MTc1OTc1NzY4MCwiZXhwIjoxNzYwMzYyNDgwfQ.VEBAYACvxKY4UK3bwOBznF8lK0TgDCm0nQXjaUGhj1U
user1759757680185_92@sample.com,pass123456,eyJhbGciOiJIUzI1NiJ9.eyJpZCI6IjZlOGZlNmQwLTlhMzMtNDUyMy05MDM5LWIyNmQxYWI1NTcyMSIsImVtYWlsIjoidXNlcjE3NTk3NTc2ODAxODVfOTJAc2FtcGxlLmNvbSIsImlhdCI6MTc1OTc1NzY4MCwiZXhwIjoxNzYwMzYyNDgwfQ.o9L6CFy--qc_74y0sIn0jWnbwE60a_ElAxcVgb8KS1Y
user1759757680364_93@sample.com,pass123456,eyJhbGciOiJIUzI1NiJ9.eyJpZCI6IjAyYTUwNDg4LTJhNDEtNDY1NS05NTE1LWRkNzg5MjI0ZmI2OCIsImVtYWlsIjoidXNlcjE3NTk3NTc2ODAzNjRfOTNAc2FtcGxlLmNvbSIsImlhdCI6MTc1OTc1NzY4MCwiZXhwIjoxNzYwMzYyNDgwfQ.t84yc9M02o-bcoRPNhF8alp_kZGj76BZ55nSZIJAAss
user1759757680544_94@sample.com,pass123456,eyJhbGciOiJIUzI1NiJ9.eyJpZCI6IjNjMzIwM2FlLWVhM2EtNDg0OC1hYzY4LTY0NTIxYTYzMjg2ZCIsImVtYWlsIjoidXNlcjE3NTk3NTc2ODA1NDRfOTRAc2FtcGxlLmNvbSIsImlhdCI6MTc1OTc1NzY4MCwiZXhwIjoxNzYwMzYyNDgwfQ.Ly2Kf6KJ-Xvq8_BsFKjrpxds4oKp-WscgJmBScmdQhY
user1759757680724_95@sample.com,pass123456,eyJhbGciOiJIUzI1NiJ9.eyJpZCI6ImQxM2JmM2Q1LWE5YjMtNDMzZC04NjhmLTFiMjJjZmVlNGFlZSIsImVtYWlsIjoidXNlcjE3NTk3NTc2ODA3MjRfOTVAc2FtcGxlLmNvbSIsImlhdCI6MTc1OTc1NzY4MCwiZXhwIjoxNzYwMzYyNDgwfQ.2PFrXfsIAlZyz4MUCCLpG-SZPDcE-sHTiKjhVJ5PFUE
user1759757680904_96@sample.com,pass123456,eyJhbGciOiJIUzI1NiJ9.eyJpZCI6ImE3NTg2YTU3LTI0NWQtNGNlYS1hNGUwLWUzMDdmMzg3MzcwZSIsImVtYWlsIjoidXNlcjE3NTk3NTc2ODA5MDRfOTZAc2FtcGxlLmNvbSIsImlhdCI6MTc1OTc1NzY4MSwiZXhwIjoxNzYwMzYyNDgxfQ._aJzynh2UxNBXTvZSg2tfCcNgS791Sm2Tzo3zf9-qjY
user1759757681084_97@sample.com,pass123456,eyJhbGciOiJIUzI1NiJ9.eyJpZCI6IjZhNTc4OThiLWM4OWEtNDMzZi1iZWMyLWI3ZDI4ODk2ZDU4ZiIsImVtYWlsIjoidXNlcjE3NTk3NTc2ODEwODRfOTdAc2FtcGxlLmNvbSIsImlhdCI6MTc1OTc1NzY4MSwiZXhwIjoxNzYwMzYyNDgxfQ.5a8Q0DpK4lIJRISQe-0HWvkcU1Y1S7llXVLct5Qbxk4
user1759757681265_98@sample.com,pass123456,eyJhbGciOiJIUzI1NiJ9.eyJpZCI6IjgxYTk4MzMwLTA4YTQtNDZmYi05YTgyLWY0NmEzYzk2N2JiMyIsImVtYWlsIjoidXNlcjE3NTk3NTc2ODEyNjVfOThAc2FtcGxlLmNvbSIsImlhdCI6MTc1OTc1NzY4MSwiZXhwIjoxNzYwMzYyNDgxfQ.vwCtfj9Zk_7uOQBQ3Vs65ZOpkO5QpBISAN1KiPw7gm4
user1759757681445_99@sample.com,pass123456,eyJhbGciOiJIUzI1NiJ9.eyJpZCI6IjhhN2I4MjkwLTU5NjEtNDkyMi1hZDU4LTI2YjBlMjZhNDc0OCIsImVtYWlsIjoidXNlcjE3NTk3NTc2ODE0NDVfOTlAc2FtcGxlLmNvbSIsImlhdCI6MTc1OTc1NzY4MSwiZXhwIjoxNzYwMzYyNDgxfQ.BWO6GLv2PDV6K7_CbQsiFoekwo1JAXbPD_UmAMVmt4U
user1759757681625_100@sample.com,pass123456,eyJhbGciOiJIUzI1NiJ9.eyJpZCI6IjcwNDZiNTdjLWQ2NzAtNDFhMC05Y2Q4LTNjNWM5Mjk2ZTM4MiIsImVtYWlsIjoidXNlcjE3NTk3NTc2ODE2MjVfMTAwQHNhbXBsZS5jb20iLCJpYXQiOjE3NTk3NTc2ODEsImV4cCI6MTc2MDM2MjQ4MX0.Gl-9jFIP4sS8mOKDbACZ-vge4DgtD95LotZSe0gcgdQ